{
  "project_info": {
    "project_number": "553341218433",
    "firebase_url": "https://roadbro-9f432-default-rtdb.firebaseio.com",
    "project_id": "roadbro-9f432",
    "storage_bucket": "roadbro-9f432.firebasestorage.app"
  },
  "client": [
    {
      "client_info": {
        "mobilesdk_app_id": "1:553341218433:android:69b20473317a24c42aa780",
        "android_client_info": {
          "package_name": "com.roadbro.app"
        }
      },
      "oauth_client": [],
      "api_key": [
        {
          "current_key": "AIzaSyAyWtLkQYanxic2mAqPlIze1BejFCZb_hE"
        }
      ],
      "services": {
        "appinvite_service": {
          "other_platform_oauth_client": []
        }
      }
    }
  ],
  "configuration_version": "1"
}